product,answer_option
women dress,Nice
women dress,Nice and cute dress
women dress,"Cloth is not so good,dress have inner that is good, but color is different from showing image before buy product, overall it's good i like it, my height is 5 feet 6 inch and my weight is 54 kg for this similar customer can order this same size"
women dress,It's a good product not as same as exactly shown in picture but looks great on me go for it . I liked it ğŸ˜Š
women dress,Loved this dress... Very soft and comfortable...Best thing about this dress is the color pattern â™¥ï¸ would strongly recommend to buy this dress. Thankyou Amazon and Harpaâ¤ï¸
women dress,I love the print of this dress and summer friendly also.. This dress suit me so well.. Everyone complimented me..I am a 5 ft girl so the dress is up to my ankle length..Neckline is little bit deep.. otherwise go for this without any second thought.
women dress,Perfect fit and nice material
women dress,Product quality is amazing.. awesome fit & looks gorgeous
women dress,This is the best online purchase that I have made. Wonderful Wonderful Wonderful ğŸ˜ŠğŸ˜Š
women dress,It is an awsome dress. It has a superbb quality and pocket friendly price. It is a good choice
